{"Roanoke": {"costs": [1855339, 1855339, 1855339, 1855339, 1855339, 1855339, 1855339, 1855339, 1855339, 1855339, 1855339, 1855339, 1855339, 1855339, 1855339], "times": [22.841628, 24.226645, 36.593333, 25.278788, 23.763175, 22.298936, 23.312013, 22.211935, 21.82755, 21.983221, 25.104589, 27.14379, 24.90353, 24.114857, 24.8464]}, "NYC": {"costs": [2709185, 2709185, 2709185, 2709185, 2709185, 2709185, 2709185, 2709185, 2709185, 2709185, 2709185, 2709185, 2709185, 2709185, 2709185], "times": [0.602143, 0.576875, 0.653619, 0.572051, 0.623704, 0.673861, 0.778761, 0.642711, 0.604068, 0.882238, 1.060589, 0.972737, 0.680222, 0.739468, 0.929771]}, "UKansasState": {"costs": [68704, 68704, 68704, 68704, 68704, 68704, 68704, 68704, 68704, 68704, 68704, 68704, 68704, 68704, 68704], "times": [0.002887, 0.002389, 0.002849, 0.002251, 0.002075, 0.00261, 0.002467, 0.002263, 0.002472, 0.002391, 0.00229, 0.002519, 0.002619, 0.002166, 0.002119]}, "Champaign": {"costs": [92622, 92622, 92622, 92622, 92622, 92622, 92622, 92622, 92622, 92622, 92622, 92622, 92622, 92622, 92622], "times": [0.456606, 0.694943, 0.381978, 0.403721, 0.422193, 0.338782, 0.365564, 0.331414, 0.335265, 0.559533, 0.7135, 0.440707, 0.440088, 0.381896, 0.414593]}, "berlin52": {"costs": [13259, 13259, 13259, 13259, 13259, 13259, 13259, 13259, 13259, 13259, 13259, 13259, 13259, 13259, 13259], "times": [0.503386, 0.469463, 0.347032, 0.379176, 0.339532, 0.461422, 0.389562, 0.469986, 0.332182, 0.475614, 0.441704, 0.484477, 0.336886, 0.495225, 0.297977]}, "UMissouri": {"costs": [261943, 261943, 261943, 261943, 261943, 261943, 261943, 261943, 261943, 261943, 261943, 261943, 261943, 261943, 261943], "times": [2.824052, 2.636845, 3.223144, 2.664303, 2.566256, 3.300002, 3.207848, 4.032444, 2.61021, 2.297781, 2.424316, 2.452989, 2.383321, 2.681621, 2.449174]}, "Boston": {"costs": [1364461, 1364461, 1364461, 1364461, 1364461, 1364461, 1364461, 1364461, 1364461, 1364461, 1364461, 1364461, 1364461, 1364461, 1364461], "times": [0.121671, 0.120722, 0.12464, 0.115976, 0.114711, 0.112173, 0.130409, 0.202414, 0.121761, 0.113551, 0.1175, 0.119103, 0.139067, 0.157937, 0.12118]}, "Atlanta": {"costs": [2651718, 2651718, 2651718, 2651718, 2651718, 2651718, 2651718, 2651718, 2651718, 2651718, 2651718, 2651718, 2651718, 2651718, 2651718], "times": [0.015264, 0.015019, 0.016627, 0.015479, 0.015923, 0.016788, 0.014782, 0.016321, 0.019898, 0.018757, 0.018275, 0.018842, 0.014972, 0.017691, 0.014878]}, "Cincinnati": {"costs": [312613, 312613, 312613, 312613, 312613, 312613, 312613, 312613, 312613, 312613, 312613, 312613, 312613, 312613, 312613], "times": [0.002227, 0.001655, 0.00165, 0.001663, 0.002248, 0.001699, 0.001651, 0.001762, 0.002232, 0.001665, 0.001706, 0.002051, 0.00232, 0.001733, 0.001671]}, "Denver": {"costs": [209487, 209487, 209487, 209487, 209487, 209487, 209487, 209487, 209487, 209487, 209487, 209487, 209487, 209487, 209487], "times": [1.199485, 1.139005, 1.143707, 1.202659, 1.128463, 1.014877, 1.006006, 1.067473, 1.609383, 1.116663, 1.13789, 1.120879, 1.173174, 1.215162, 1.123955]}, "SanFrancisco": {"costs": [1813704, 1813704, 1813704, 1813704, 1813704, 1813704, 1813704, 1813704, 1813704, 1813704, 1813704, 1813704, 1813704, 1813704, 1813704], "times": [2.10991, 2.051335, 1.950616, 2.338547, 1.833131, 1.791799, 1.750151, 1.9145, 1.739712, 1.726534, 1.751123, 1.726086, 1.733279, 1.715185, 1.716426]}, "Toronto": {"costs": [3361860, 3361860, 3361860, 3361860, 3361860, 3361860, 3361860, 3361860, 3361860, 3361860, 3361860, 3361860, 3361860, 3361860, 3361860], "times": [2.228047, 2.424592, 2.322055, 2.283135, 2.375375, 2.351128, 2.273598, 2.329887, 2.24122, 2.274693, 2.358438, 2.336406, 2.374382, 2.261862, 2.286867]}, "Philadelphia": {"costs": [1691952, 1691952, 1691952, 1691952, 1691952, 1691952, 1691952, 1691952, 1691952, 1691952, 1691952, 1691952, 1691952, 1691952, 1691952], "times": [0.045861, 0.04674, 0.044765, 0.047214, 0.045849, 0.047196, 0.046131, 0.046446, 0.050772, 0.052233, 0.048265, 0.047065, 0.044517, 0.045176, 0.046636]}}