{"Roanoke": {"costs": [833503, 820111, 829454, 832187, 847823, 843855, 825383, 829168, 859489, 854161, 785448, 869713, 786024, 829016, 819263], "times": [0.167495, 0.170619, 0.157987, 0.13452, 0.146723, 0.21287, 0.165362, 0.187757, 0.183095, 0.173009, 0.171928, 0.175224, 0.179058, 0.177287, 0.183526]}, "NYC": {"costs": [2146383, 1986112, 2137523, 1986153, 2049642, 2150302, 1969645, 1844307, 2163106, 2167939, 2248246, 1859960, 1913260, 1976846, 1969645], "times": [0.017744, 0.01915, 0.018405, 0.020092, 0.020023, 0.019106, 0.018274, 0.018061, 0.018428, 0.01915, 0.019103, 0.018913, 0.018129, 0.018557, 0.017469]}, "UKansasState": {"costs": [69986, 69986, 70845, 70845, 69986, 72098, 69986, 74967, 72098, 71540, 70845, 69986, 75081, 69986, 74967], "times": [0.000636, 0.000451, 0.000966, 0.001058, 0.000654, 0.00048, 0.000804, 0.001103, 0.000468, 0.000621, 0.000808, 0.000495, 0.000712, 0.000472, 0.000546]}, "Champaign": {"costs": [67162, 62919, 72399, 64069, 68875, 67835, 70001, 61976, 65381, 67162, 71742, 73002, 68339, 63266, 72643], "times": [0.012222, 0.011554, 0.01191, 0.011191, 0.011513, 0.011476, 0.013617, 0.01186, 0.011992, 0.012007, 0.012296, 0.011501, 0.012803, 0.012139, 0.012528]}, "berlin52": {"costs": [8866, 9898, 9506, 8954, 9123, 10094, 10203, 9194, 8866, 9092, 9014, 9123, 8997, 9306, 8866], "times": [0.01075, 0.011207, 0.011459, 0.01207, 0.010585, 0.011006, 0.010684, 0.011696, 0.011628, 0.010524, 0.012155, 0.011054, 0.011521, 0.010815, 0.010879]}, "UMissouri": {"costs": [170200, 161106, 161989, 185502, 161103, 159205, 180199, 182827, 162271, 162251, 167961, 162271, 163264, 180199, 165724], "times": [0.040094, 0.041485, 0.04555, 0.040095, 0.040299, 0.031446, 0.030504, 0.031062, 0.030816, 0.036722, 0.040247, 0.046103, 0.032001, 0.036883, 0.038307]}, "Boston": {"costs": [1147434, 1131752, 1059720, 1135547, 1144777, 1144777, 1035015, 1035015, 1095264, 1029008, 1029008, 1091901, 1050354, 1088164, 1115479], "times": [0.005939, 0.005493, 0.006472, 0.005415, 0.005485, 0.006323, 0.006506, 0.006086, 0.006785, 0.006515, 0.006463, 0.006619, 0.006419, 0.005641, 0.00585]}, "Atlanta": {"costs": [2092186, 2124826, 2493236, 2058268, 2039905, 2087117, 2375593, 2287220, 2078990, 2568855, 2039905, 2106126, 2375593, 2493236, 2316926], "times": [0.00181, 0.001608, 0.001507, 0.001415, 0.001421, 0.001585, 0.001465, 0.001512, 0.00139, 0.001424, 0.001484, 0.002472, 0.002203, 0.001401, 0.001545]}, "Cincinnati": {"costs": [301258, 331357, 314843, 331672, 331357, 328214, 331357, 328214, 328214, 331672, 331672, 328214, 331357, 331357, 314843], "times": [0.000476, 0.00051, 0.000475, 0.000471, 0.000513, 0.000462, 0.000473, 0.000521, 0.000479, 0.000467, 0.000513, 0.000608, 0.000512, 0.000558, 0.000755]}, "Denver": {"costs": [118805, 141726, 123982, 120947, 119952, 121002, 122908, 133784, 122449, 120266, 119008, 126168, 129061, 124392, 119122], "times": [0.024583, 0.024979, 0.023805, 0.023872, 0.023874, 0.024511, 0.023891, 0.023705, 0.023622, 0.024366, 0.023209, 0.025576, 0.027367, 0.027858, 0.028608]}, "SanFrancisco": {"costs": [1095657, 1103916, 1098564, 1014291, 983700, 1098579, 951412, 998150, 997132, 1095057, 1050121, 972476, 1028890, 1060957, 984451], "times": [0.039209, 0.040682, 0.037868, 0.036472, 0.037765, 0.037645, 0.038197, 0.037124, 0.034628, 0.028362, 0.024874, 0.024908, 0.025395, 0.026353, 0.024761]}, "Toronto": {"costs": [1344077, 1331618, 1393458, 1329863, 1423553, 1421504, 1407935, 1451236, 1299241, 1407935, 1469546, 1338097, 1393458, 1393458, 1513169], "times": [0.03177, 0.03493, 0.033787, 0.035114, 0.039421, 0.040516, 0.034951, 0.033717, 0.032817, 0.036212, 0.031924, 0.032393, 0.034896, 0.031296, 0.033652]}, "Philadelphia": {"costs": [1732323, 1681824, 1728207, 1780017, 1649706, 1738621, 1733628, 1728207, 1741520, 1684056, 1738621, 1669791, 1633609, 1850259, 1737162], "times": [0.002855, 0.002685, 0.002711, 0.002625, 0.002591, 0.003189, 0.002997, 0.002817, 0.002834, 0.00329, 0.003701, 0.00429, 0.003513, 0.003216, 0.002634]}}