{
  "Roanoke": {
    "costs": [
      1570702.561435447,
      1562091.362837702,
      1647252.7121460743,
      1558721.4544563806,
      1491922.9953565884,
      1381381.117622792,
      1551026.826044003,
      1428608.3778217256,
      1543194.260114217,
      1455935.2865317299,
      1626435.55772701,
      1591986.6837003697,
      1535963.9955260071,
      1559317.2421410976,
      1370427.3492830023
    ],
    "times": [
      600.086356,
      600.398458,
      600.47999,
      600.324193,
      600.449385,
      600.328937,
      600.337428,
      600.468674,
      600.298368,
      600.355566,
      600.529558,
      600.49116,
      600.611592,
      600.324245,
      600.045485
    ]
  },
  "NYC": {
    "costs": [
      1635021.7362880004,
      1701707.7373622109,
      1702138.2746029312,
      1676222.7220686069,
      1640743.079805466,
      1634353.2433002016,
      1681677.9787520089,
      1612958.0927739125,
      1642073.939141097,
      1730263.913477074,
      1700035.033645379,
      1684522.6785582711,
      1649127.3381170556,
      1753667.2653813802,
      1648794.3366353791
    ],
    "times": [
      223.315406,
      112.408088,
      124.379278,
      260.253933,
      297.41475,
      201.920134,
      154.861531,
      203.706687,
      318.410689,
      159.645892,
      299.9286,
      193.856438,
      173.117455,
      302.153633,
      225.335636
    ]
  },
  "UKansasState": {
    "costs": [
      62962.312807422444,
      62962.312807422444,
      62962.312807422444,
      62962.31280742245,
      62962.312807422444,
      62962.31280742245,
      62962.31280742245,
      62962.312807422444,
      62962.312807422444,
      62962.312807422444,
      62962.312807422444,
      62962.31280742245,
      62962.312807422444,
      62962.312807422444,
      62962.312807422444
    ],
    "times": [
      3.830596,
      3.657305,
      3.665351,
      3.634723,
      3.664057,
      3.592605,
      3.620292,
      3.742511,
      3.624651,
      3.729723,
      3.969827,
      3.638784,
      3.737366,
      3.636979,
      3.62368
    ]
  },
  "Champaign": {
    "costs": [
      55526.55017379104,
      56150.46705275345,
      53962.485225034696,
      54848.734643376076,
      56843.059914353245,
      55529.312207858384,
      55354.760275286506,
      54515.21864515568,
      53806.70676187259,
      54230.57789424593,
      54655.25660626574,
      57382.46312244167,
      54415.26238706286,
      56554.83794203957,
      58334.75762101429
    ],
    "times": [
      111.543397,
      103.609577,
      172.422881,
      115.53791,
      68.471423,
      95.875456,
      92.908244,
      158.366711,
      113.427909,
      74.828176,
      100.175083,
      94.864059,
      89.151208,
      78.929825,
      107.675068
    ]
  },
  "berlin52": {
    "costs": [
      7887.0433635163035,
      8221.940016903316,
      8384.594776736645,
      8529.772887779625,
      8575.716542145576,
      7698.73678331424,
      8100.686627230426,
      8225.047200930132,
      8333.206108382075,
      8574.15401182109,
      7707.400048909979,
      8401.922811463583,
      7904.233146043181,
      8625.872575051437,
      7548.9927100241775
    ],
    "times": [
      96.816414,
      80.163442,
      83.407169,
      71.712167,
      81.575571,
      106.457382,
      70.910558,
      112.759234,
      125.783301,
      101.879992,
      165.293988,
      48.81077,
      105.16711,
      55.362009,
      156.402982
    ]
  },
  "UMissouri": {
    "costs": [
      168181.39533883473,
      162013.5813744697,
      159153.61643007785,
      162931.1093093952,
      160246.1710671524,
      168627.6664451022,
      169075.29941539705,
      169769.136689109,
      172104.41435775976,
      164453.46274212466,
      153200.71209511755,
      162897.22973440983,
      155832.67098260878,
      171095.9398968242,
      165571.15719105946
    ],
    "times": [
      600.134967,
      600.211708,
      588.6735,
      600.15182,
      600.270257,
      600.074996,
      600.283661,
      600.274864,
      600.015409,
      600.161318,
      600.138484,
      600.140771,
      600.238935,
      388.25735,
      600.238962
    ]
  },
  "Boston": {
    "costs": [
      919201.5738017781,
      909125.4850921025,
      908307.5917857188,
      963272.79541075,
      931536.2276485389,
      945064.5091915426,
      901728.9302812343,
      898814.5993097537,
      893533.3656236382,
      945233.2968033333,
      897474.6837301672,
      920545.5586729896,
      908872.5722862938,
      913849.1211752262,
      921697.5538025667
    ],
    "times": [
      34.128671,
      53.327104,
      52.7488,
      24.73434,
      35.616156,
      45.613957,
      46.732332,
      45.666398,
      41.553952,
      37.691537,
      32.159582,
      31.11184,
      79.63407,
      53.951802,
      43.994469
    ]
  },
  "Atlanta": {
    "costs": [
      2023778.3540865825,
      2023778.3540865825,
      2031422.0158539228,
      2023778.3540865825,
      2016321.9943540292,
      2003762.670572942,
      2023778.3540865823,
      2003762.670572942,
      2003762.670572942,
      2003762.670572942,
      2003762.670572942,
      2023778.3540865823,
      2003762.670572942,
      2003762.670572942,
      2003762.670572942
    ],
    "times": [
      7.495183,
      7.874929,
      7.156597,
      8.955886,
      7.999951,
      7.75437,
      7.150697,
      8.492665,
      8.459264,
      9.749933,
      7.864841,
      6.839854,
      17.274277,
      10.280646,
      8.209757
    ]
  },
  "Cincinnati": {
    "costs": [
      277952.58649571467,
      277952.58649571467,
      277952.5864957147,
      277952.58649571467,
      277952.58649571467,
      277952.58649571467,
      277952.5864957147,
      277952.58649571467,
      277952.5864957147,
      277952.5864957147,
      277952.58649571467,
      277952.5864957147,
      277952.58649571467,
      277952.58649571467,
      277952.58649571467
    ],
    "times": [
      3.748699,
      3.780015,
      3.69627,
      3.733334,
      4.172824,
      3.88404,
      4.137172,
      3.806598,
      3.664913,
      3.732219,
      3.689487,
      3.666005,
      3.755574,
      3.951932,
      3.774157
    ]
  },
  "Denver": {
    "costs": [
      115262.92923739448,
      108027.47754212456,
      115565.60255863941,
      111415.17088113772,
      115407.7258333374,
      112478.33335367036,
      111845.01096097077,
      123019.22096717292,
      111298.1711972092,
      115263.81483396162,
      113996.57128417354,
      114498.26180271425,
      118792.63018482966,
      115264.01648376134,
      112978.6730971702
    ],
    "times": [
      345.116219,
      600.066613,
      255.967999,
      600.096269,
      286.700977,
      339.148316,
      347.174784,
      325.613904,
      600.18017,
      242.849198,
      245.577216,
      344.201945,
      224.938922,
      214.864137,
      474.421045
    ]
  },
  "SanFrancisco": {
    "costs": [
      1056392.0141811252,
      1170117.1043750148,
      1161847.7094065964,
      995642.4659532915,
      1093119.8273187177,
      1029892.333485751,
      1116917.1811463712,
      959431.1786964693,
      1101815.5723714028,
      1079118.8266927823,
      1084103.0757139926,
      1040062.6954760923,
      1076030.0279140002,
      1112453.474296634,
      1077832.1894878186
    ],
    "times": [
      600.020657,
      600.084322,
      600.231251,
      600.09623,
      600.11779,
      600.006537,
      600.126092,
      600.126894,
      600.015824,
      600.079911,
      600.071644,
      600.137062,
      600.20027,
      600.012513,
      600.065609
    ]
  },