{"Roanoke": {"costs": [700239, 699747, 692045, 695273, 678191, 684583, 682458, 699280, 701940, 691468, 697902, 692390, 721582, 2258516, 686838], "times": [190.900152, 160.539043, 137.746213, 169.815057, 175.86481, 258.134531, 142.761872, 156.557266, 120.797074, 103.050807, 133.355735, 151.376256, 2524.687647, 1840.475751, 827.517764]}, "NYC": {"costs": [1676308, 1680223, 1625234, 1686442, 1642462, 1654295, 1734273, 1647334, 1690355, 1608371, 1584246, 1621183, 1628844, 1669187, 1661855], "times": [3.271309, 4.498823, 4.876891, 2.445935, 2.797101, 3.80835, 3.31217, 4.145963, 2.541253, 2.618595, 2.586493, 3.153525, 2.811056, 2.748938, 1.806329]}, "UKansasState": {"costs": [62962, 62962, 62962, 62962, 62962, 62962, 62962, 62962, 62962, 62962, 62962, 62962, 62962, 62962, 62962], "times": [0.006973, 0.005661, 0.005633, 0.004748, 0.003997, 0.003922, 0.003714, 0.00491, 0.004857, 0.004722, 0.005621, 0.00656, 0.005387, 0.002936, 0.004115]}, "Champaign": {"costs": [54437, 54606, 53515, 56811, 54107, 56210, 54908, 53850, 55805, 54803, 54818, 56295, 53222, 54183, 56029], "times": [1.047512, 1.836732, 1.182544, 1.200528, 1.938223, 1.279055, 1.833817, 1.487173, 1.412837, 1.932884, 2.069597, 1.655753, 1.602394, 1.121402, 1.730325]}, "berlin52": {"costs": [8104, 8893, 8605, 7778, 8137, 8359, 8726, 8258, 8469, 8538, 7837, 8602, 8737, 8221, 8455], "times": [1.203267, 1.97955, 1.208558, 1.278147, 1.742847, 1.321137, 1.155567, 1.051938, 1.148287, 1.126819, 1.347266, 1.125528, 1.378555, 1.365235, 1.643094]}, "UMissouri": {"costs": [145157, 138045, 141998, 142519, 144972, 139831, 150968, 138090, 137630, 138031, 143754, 143451, 142387, 144524, 148134], "times": [10.765909, 13.372799, 11.290436, 13.563105, 11.593314, 10.620655, 12.65849, 16.396391, 13.489466, 15.104309, 10.748997, 12.240143, 15.833681, 13.63726, 13.235516]}, "Boston": {"costs": [924109, 947078, 916769, 898983, 979721, 907473, 894155, 934408, 980068, 949051, 942208, 922491, 949057, 939211, 980307], "times": [0.611188, 0.564327, 0.410871, 0.490269, 0.397701, 0.691321, 0.698984, 0.506977, 0.577407, 0.693103, 0.509204, 0.438222, 0.523557, 0.448477, 0.435838]}, "Atlanta": {"costs": [2085045, 2045743, 2080514, 2003762, 2139926, 2044279, 2172544, 2052218, 2031422, 2227250, 2160238, 2030676, 2003762, 2003762, 2051923], "times": [0.034365, 0.037532, 0.055851, 0.0518, 0.040298, 0.063493, 0.04458, 0.046841, 0.04951, 0.040501, 0.047691, 0.051006, 0.037441, 0.04723, 0.059259]}, "Cincinnati": {"costs": [280743, 280743, 282383, 282383, 280743, 280743, 280743, 277952, 280743, 280496, 280496, 280242, 280242, 277952, 280496], "times": [0.004615, 0.004293, 0.00315, 0.005661, 0.010241, 0.00512, 0.003888, 0.004376, 0.005654, 0.003659, 0.005129, 0.004772, 0.004153, 0.005149, 0.00899]}, "Denver": {"costs": [102897, 110768, 105631, 108397, 110611, 112156, 109233, 106595, 105843, 108141, 107387, 101768, 109801, 104307, 109991], "times": [7.266408, 7.356971, 4.948991, 4.8353, 4.958142, 7.056258, 6.191369, 8.894015, 4.74549, 7.687593, 6.68184, 6.189823, 4.789388, 10.229174, 6.880192]}, "SanFrancisco": {"costs": [877190, 945989, 937170, 875578, 862584, 919556, 921063, 921150, 895137, 879730, 871242, 913191, 885829, 948522, 904802], "times": [12.32572, 8.827565, 12.021061, 12.164325, 12.101937, 9.032864, 9.974784, 10.967802, 12.271102, 8.549849, 10.746358, 9.720307, 14.853261, 10.775412, 10.983686]}, "Toronto": {"costs": [1270861, 1245800, 1310181, 1218904, 1288878, 1192250, 1380222, 1281787, 1189800, 1282599, 1231033, 1251019, 1402097, 1180842, 1227277], "times": [19.538395, 18.885524, 12.173872, 21.259023, 18.83237, 25.247511, 16.912316, 14.731579, 21.468953, 21.360872, 20.443228, 21.471543, 18.375811, 21.022342, 16.738507]}, "Philadelphia": {"costs": [1419520, 1480705, 1474785, 1447028, 1418285, 1424818, 1455479, 1457008, 1537231, 1429745, 1429584, 1431038, 1437882, 1437290, 1441947], "times": [0.278225, 0.233521, 0.25648, 0.189227, 0.141213, 0.204834, 0.123348, 0.218534, 0.204093, 0.238359, 0.23032, 0.22122, 0.279633, 0.321368, 0.258951]}}