{"Roanoke": {"costs": [933565, 932302, 933565, 933565, 933565, 933565, 933565, 932302, 932302, 932302, 932302, 932302, 932302, 932302, 932302], "times": [600.081268, 600.022151, 600.065965, 600.021173, 600.024261, 600.019901, 600.020371, 600.02135, 600.019168, 600.020398, 600.019396, 600.022055, 600.019355, 600.020453, 600.019434]}, "NYC": {"costs": [-4611686018425368002, -4611686018425368002, -4611686018425368002, -4611686018425368002, -4611686018425368002, -4611686018425368002, -4611686018425368002, -4611686018425368002, -4611686018425368002, -4611686018425368002, -4611686018425368002, -4611686018425368002, -4611686018425368002, -4611686018425368002, -4611686018425368002], "times": [0.059057, 0.053013, 0.052536, 0.052817, 0.051687, 0.053009, 0.052817, 0.052952, 0.053602, 0.051911, 0.053199, 0.051622, 0.053227, 0.052592, 0.054335]}, "UKansasState": {"costs": [-4611686018427328326, -4611686018427328326, -4611686018427328326, -4611686018427328326, -4611686018427328326, -4611686018427328326, -4611686018427328326, -4611686018427328326, -4611686018427328326, -4611686018427328326, -4611686018427328326, -4611686018427328326, -4611686018427328326, -4611686018427328326, -4611686018427328326], "times": [0.009695, 0.00763, 0.008226, 0.007362, 0.008144, 0.007793, 0.010185, 0.007648, 0.008112, 0.007541, 0.008392, 0.00732, 0.00802, 0.00753, 0.00804]}, "Champaign": {"costs": [59699, 59699, 59699, 59699, 59699, 59699, 59699, 59699, 59699, 59699, 59699, 59699, 59699, 59699, 59699], "times": [600.003562, 600.001873, 600.001954, 600.001903, 600.001999, 600.001841, 600.00201, 600.002005, 600.002195, 600.001997, 600.001871, 600.001772, 600.001592, 600.001369, 600.001497]}, "berlin52": {"costs": [9320, 9320, 9320, 9320, 9320, 9320, 9320, 9320, 9320, 9320, 9320, 9320, 9320, 9320, 9320], "times": [600.001384, 600.001424, 600.001374, 600.001402, 600.001402, 600.001585, 600.00142, 600.001429, 600.001431, 600.001412, 600.001413, 600.001533, 600.002192, 805.008044, 600.002718]}, "UMissouri": {"costs": [164596, 164596, 164596, 164596, 164596, 164596, 168603, 164596, 164596, 164596, 164596, 164596, 164596, 164596, 164596], "times": [600.009553, 600.01138, 600.009998, 600.007445, 600.00775, 600.006342, 44419.632479, 600.008877, 600.004222, 600.007337, 600.0072, 600.004197, 600.004775, 600.00493, 600.005895]}, "Boston": {"costs": [1061759, 1061759, 1061759, 1061759, 1061759, 1061759, 1061759, 1061759, 1061759, 1061759, 1061759, 1061759, 1061759, 1061759, 1061759], "times": [600.000894, 600.000955, 600.001629, 600.000964, 600.000981, 600.000984, 600.001021, 600.000986, 600.001559, 600.001213, 600.000976, 600.000989, 600.000939, 600.001028, 600.00091]}, "Atlanta": {"costs": [2003763, 2003763, 2003763, 2003763, 2003763, 2003763, 2003763, 2003763, 2003763, 2003763, 2003763, 2003763, 2003763, 2003763, 2003763], "times": [194.166961, 192.339848, 190.841913, 192.783055, 192.140096, 192.692458, 191.847851, 192.893983, 191.425675, 194.020848, 191.304563, 192.453725, 193.901068, 191.418997, 193.116906]}, "Cincinnati": {"costs": [277952, 277952, 277952, 277952, 277952, 277952, 277952, 277952, 277952, 277952, 277952, 277952, 277952, 277952, 277952], "times": [0.168483, 0.167134, 0.167298, 0.1656, 0.168924, 0.166865, 0.167345, 0.17293, 0.168845, 0.164941, 0.172892, 0.167678, 0.165181, 0.168364, 0.164805]}, "Denver": {"costs": [-4611686018427261829, -4611686018427261829, -4611686018427261829, -4611686018427261829, -4611686018427261829, -4611686018427261829, -4611686018427261829, -4611686018427261829, -4611686018427261829, -4611686018427261829, -4611686018427261829, -4611686018427261829, -4611686018427261829, -4611686018427261829, -4611686018427261829], "times": [0.084088, 0.082154, 0.076615, 0.078409, 0.076646, 0.077228, 0.077249, 0.07852, 0.076575, 0.077944, 0.076638, 0.079902, 0.077934, 0.076963, 0.076652]}, "SanFrancisco": {"costs": [997772, 997772, 997772, 997772, 997772, 997772, 997772, 997772, 997772, 997772, 997772, 997772, 997772, 997772, 997772], "times": [600.004848, 600.003925, 600.003733, 600.004566, 600.003918, 600.003718, 600.004062, 600.00404, 600.004334, 600.004759, 600.004885, 600.006864, 600.00419, 600.003735, 600.004188]}, "Toronto": {"costs": [1651001, 1651001, 1651001, 1651001, 1651001, 1651001, 1651001, 1651001, 1651001, 1651001, 1651001, 1651001, 1651001, 1651001, 1651001], "times": [600.008796, 600.005146, 600.004949, 600.005299, 600.008832, 600.007434, 600.004829, 600.007401, 600.00743, 600.00728, 600.004551, 600.006891, 600.005525, 600.007462, 600.00483]}, "Philadelphia": {"costs": [-4611686018425932400, -4611686018425932400, -4611686018425932400, -4611686018425932400, -4611686018425932400, -4611686018425932400, -4611686018425932400, -4611686018425932400, -4611686018425932400, -4611686018425932400, -4611686018425932400, -4611686018425932400, -4611686018425932400, -4611686018425932400, -4611686018425932400], "times": [0.093862, 0.093503, 0.093639, 0.093534, 0.137488, 0.150073, 0.206959, 0.107582, 0.136048, 0.107714, 0.146364, 0.12534, 0.132621, 0.101077, 0.102734]}}