{"Roanoke": {"costs": [933565, 933565, 933565, 933565, 932302, 932302, 932302, 932302, 932302, 932302, 932302, 932302, 932302, 932302, 932302], "times": [600.074781, 600.054888, 600.055506, 600.081739, 600.061339, 600.02012, 600.056846, 600.020266, 600.033477, 600.027057, 600.072815, 600.020329, 600.021464, 600.020069, 600.07612]}, "NYC": {"costs": [1820645, 1820645, 1820645, 1820645, 1820645, 1820645, 1820645, 1820645, 1820645, 1820645, 1820645, 1820645, 1820645, 1820645, 1820645], "times": [600.002305, 600.002621, 600.002899, 600.002188, 600.002317, 600.002199, 600.002084, 600.002141, 600.002044, 600.002276, 600.002279, 600.004163, 600.002337, 600.002032, 600.002094]}, "UKansasState": {"costs": [62962, 62962, 62962, 62962, 62962, 62962, 62962, 62962, 62962, 62962, 62962, 62962, 62962, 62962, 62962], "times": [0.214674, 0.216813, 0.211755, 0.212383, 0.212604, 0.21102, 0.212389, 0.209111, 0.215492, 0.213092, 0.213865, 0.206545, 0.210256, 0.207906, 0.203847]}, "Champaign": {"costs": [59699, 59699, 59699, 59699, 59699, 59699, 59699, 59699, 59699, 59699, 59699, 59699, 59699, 59699, 59699], "times": [600.001525, 600.001418, 600.001613, 600.001549, 600.001607, 600.001611, 600.001614, 600.001533, 600.001649, 600.001661, 600.001688, 600.001529, 600.001541, 600.001849, 600.001439]}, "berlin52": {"costs": [9320, 9320, 9320, 9320, 9320, 9320, 9320, 9320, 9320, 9320, 9320, 9320, 9320, 9320, 9320], "times": [600.001388, 600.001425, 600.001507, 600.001498, 600.001458, 600.001431, 600.001509, 600.001501, 600.001413, 600.001544, 600.001421, 600.001457, 600.001401, 600.001528, 600.001501]}, "UMissouri": {"costs": [164596, 164596, 164596, 164596, 164596, 164596, 164596, 164596, 164596, 164596, 164596, 164596, 164596, 164596, 164596], "times": [600.004773, 600.00481, 600.006089, 600.004559, 600.004379, 600.004309, 600.005371, 600.004623, 600.004539, 600.010057, 600.005268, 600.004247, 600.004577, 600.004679, 600.004443]}, "Boston": {"costs": [1061759, 1061759, 1061759, 1061759, 1061759, 1061759, 1061759, 1061759, 1061759, 1061759, 1061759, 1061759, 1061759, 1061759, 1061759], "times": [600.001274, 600.000929, 600.001033, 600.00102, 600.001076, 600.001037, 600.000945, 600.00096, 600.000959, 600.001239, 600.001732, 600.001011, 600.000969, 600.001005, 600.000933]}, "Atlanta": {"costs": [2003763, 2003763, 2003763, 2003763, 2003763, 2003763, 2003763, 2003763, 2003763, 2003763, 2003763, 2003763, 2003763, 2003763, 2003763], "times": [194.01861, 194.097964, 194.700244, 194.472431, 194.586842, 194.651993, 188.832833, 183.327054, 183.465529, 183.243851, 183.498327, 184.198968, 190.691475, 194.202411, 194.851077]}, "Cincinnati": {"costs": [277952, 277952, 277952, 277952, 277952, 277952, 277952, 277952, 277952, 277952, 277952, 277952, 277952, 277952, 277952], "times": [0.171376, 0.169699, 0.171771, 0.172819, 0.170739, 0.171659, 0.169154, 0.169222, 0.171209, 0.169588, 0.169187, 0.16952, 0.168223, 0.173579, 0.169337]}, "Denver": {"costs": [121597, 121597, 121597, 121597, 121597, 121597, 121597, 121597, 121597, 121597, 121597, 121597, 121597, 121597, 121597], "times": [600.002876, 600.002691, 600.002678, 600.002673, 600.002757, 600.00284, 600.002773, 600.002704, 600.002764, 600.002681, 600.002838, 600.002757, 600.002663, 600.002711, 600.002755]}, "SanFrancisco": {"costs": [997772, 997772, 997772, 997772, 997772, 997772, 997772, 997772, 997772, 997772, 997772, 997772, 997772, 997772, 997772], "times": [600.003751, 600.004002, 600.00395, 600.004443, 600.004235, 600.003908, 600.003773, 600.003878, 600.004033, 600.003831, 600.004142, 600.004061, 2371.610263, 600.005592, 600.003989]}, "Toronto": {"costs": [1651001, 1651001, 1651001, 1651001, 1651001, 1651001, 1651001, 1651001, 1651001, 1651001, 1651001, 1651001, 1651001, 1651001, 1651001], "times": [600.004805, 600.005296, 600.00546, 600.004984, 600.004686, 600.004816, 600.004853, 600.00544, 600.004848, 600.005286, 600.00531, 600.004901, 600.005934, 600.004639, 600.005264]}, "Philadelphia": {"costs": [1577076, 1577076, 1577076, 1577076, 1577076, 1577076, 1577076, 1577076, 1577076, 1577076, 1577076, 1577076, 1577076, 1577076, 1577076], "times": [600.000816, 600.00097, 600.000731, 600.000971, 600.000792, 600.000826, 600.00072, 600.00081, 600.001014, 600.000862, 600.000809, 600.000721, 600.000786, 600.000842, 600.000734]}}