{"Roanoke": {"costs": [798661, 861413, 835103, 827806, 833865, 857120, 834578, 838916, 822347, 820209, 782726, 833988, 828078, 869713, 858401], "times": [0.137799, 0.128536, 0.130781, 0.1292, 0.128348, 0.128492, 0.128192, 0.127525, 0.127502, 0.128283, 0.126613, 0.131011, 0.12649, 0.129837, 0.127509]}, "NYC": {"costs": [2135096, 2144613, 1976846, 1879116, 2082195, 2049642, 2163106, 2050149, 1844307, 1946539, 2146672, 2145636, 2165918, 1976846, 1859960], "times": [0.013004, 0.012206, 0.012437, 0.011882, 0.012628, 0.011973, 0.012907, 0.012044, 0.012984, 0.011643, 0.012895, 0.011397, 0.012945, 0.011697, 0.012884]}, "UKansasState": {"costs": [74967, 75081, 74967, 72098, 70845, 74967, 70845, 71668, 70845, 70845, 70845, 74967, 75081, 75081, 70316], "times": [0.000605, 0.000622, 0.000457, 0.000458, 0.00041, 0.000371, 0.000356, 0.000358, 0.00046, 0.000358, 0.000358, 0.000355, 0.000357, 0.000357, 0.000355]}, "Champaign": {"costs": [66483, 65590, 62919, 64324, 67100, 72185, 65381, 64324, 65598, 69698, 69698, 62919, 65381, 64128, 62487], "times": [0.008493, 0.007968, 0.007517, 0.009063, 0.007581, 0.008833, 0.007647, 0.008562, 0.008841, 0.00805, 0.009351, 0.008307, 0.007601, 0.009893, 0.007721]}, "berlin52": {"costs": [10203, 9067, 8182, 10200, 9067, 9114, 9499, 9253, 9194, 9506, 9575, 10291, 8997, 9898, 9506], "times": [0.008803, 0.007035, 0.007188, 0.010715, 0.00927, 0.01041, 0.012141, 0.008109, 0.006757, 0.007239, 0.007915, 0.007411, 0.006777, 0.008792, 0.006831]}, "UMissouri": {"costs": [179302, 164811, 161103, 190458, 155304, 162121, 183166, 157103, 168855, 168855, 165252, 169415, 158927, 161394, 172406], "times": [0.030198, 0.028018, 0.029546, 0.029462, 0.029252, 0.028781, 0.029096, 0.028844, 0.029162, 0.028118, 0.028943, 0.028361, 0.028653, 0.028994, 0.028826]}, "Boston": {"costs": [1144777, 1123029, 1050354, 1050354, 1176212, 1029008, 1131752, 1123029, 1132676, 1144777, 1034463, 1035015, 1135547, 1176212, 1092077], "times": [0.005147, 0.004094, 0.004087, 0.004066, 0.004713, 0.004434, 0.004516, 0.004107, 0.004135, 0.004604, 0.004624, 0.004075, 0.004105, 0.004367, 0.004853]}, "Atlanta": {"costs": [2291298, 2316926, 2287220, 2087117, 2294768, 2039905, 2316926, 2568855, 2092186, 2124826, 2568855, 2092186, 2302041, 2039905, 2294768], "times": [0.001314, 0.001316, 0.001232, 0.001152, 0.001147, 0.001131, 0.001262, 0.001362, 0.001272, 0.001143, 0.001136, 0.001278, 0.001176, 0.002078, 0.001309]}, "Cincinnati": {"costs": [328214, 314843, 314843, 314843, 342472, 314843, 334350, 331357, 314843, 333788, 331357, 328214, 333788, 331357, 314843], "times": [0.000471, 0.000405, 0.000375, 0.000361, 0.000356, 0.000358, 0.000424, 0.000402, 0.00051, 0.000404, 0.000401, 0.000484, 0.000431, 0.000419, 0.000361]}, "Denver": {"costs": [118963, 122555, 142229, 121332, 142229, 133784, 121002, 119952, 129061, 122449, 132611, 120282, 122908, 127013, 121586], "times": [0.018152, 0.017526, 0.018289, 0.018155, 0.018159, 0.01799, 0.018067, 0.017762, 0.01893, 0.018327, 0.017524, 0.017225, 0.0184, 0.017729, 0.018507]}, "SanFrancisco": {"costs": [1000310, 990624, 942914, 973542, 1029938, 970753, 1024470, 1027138, 1059680, 994171, 906183, 1042749, 1021124, 1036799, 983462], "times": [0.026103, 0.025351, 0.026431, 0.024897, 0.025469, 0.025595, 0.0258, 0.025127, 0.025698, 0.024977, 0.024678, 0.027564, 0.026839, 0.02529, 0.02498]}, "Toronto": {"costs": [1411803, 1329863, 1431250, 1393789, 1325943, 1299241, 1386724, 1413764, 1454437, 1341425, 1342386, 1443560, 1353814, 1469546, 1319893], "times": [0.030561, 0.029953, 0.030978, 0.030204, 0.030488, 0.030386, 0.030125, 0.030214, 0.030191, 0.030483, 0.029754, 0.031217, 0.030508, 0.030107, 0.030205]}, "Philadelphia": {"costs": [1778425, 1778425, 1691227, 1780017, 1714406, 1681824, 1714406, 1817182, 1778425, 1702241, 1714406, 1702241, 1684056, 1737162, 1778425], "times": [0.003654, 0.002393, 0.002983, 0.002476, 0.002403, 0.002717, 0.002651, 0.002384, 0.0024, 0.002488, 0.003396, 0.003033, 0.002377, 0.002401, 0.002393]}}